id,APN,BMAa,CA1,CA2,CA3,COAa,COApm,CP,DG,Eth,HPF,IGL,IntG,LD,LGd,LGv,LP,LT,MB,MGd,MGm,MGv,MRN,NOT,OLF,OP,PF,PIL,PO,POL,POST,PP,PPT,PRE,PoT,ProS,RPF,RT,SCig,SCiw,SCop,SCsg,SCzo,SGN,SUB,TH,VIS,VISal,VISam,VISl,VISli,VISmma,VISmmp,VISp,VISpm,VISrl,VL,VPL,VPM,ZI,grey,n_regions
794812542,47,0,287,5,67,0,0,0,214,0,5,0,0,0,0,0,93,0,88,13,6,41,0,4,0,0,0,9,0,28,5,0,0,0,0,87,0,0,34,0,0,0,0,0,117,0,0,90,89,102,0,0,0,96,89,100,0,0,0,0,0,24
787025148,145,0,315,0,80,0,0,0,219,0,0,0,0,0,0,0,77,0,5,0,0,13,0,65,0,0,0,0,0,11,0,27,13,0,0,29,0,0,31,15,0,0,0,13,174,13,97,95,81,0,112,0,0,98,0,77,0,0,0,0,10,24
781842082,146,0,356,9,109,0,0,0,249,0,60,0,0,0,18,0,30,0,36,0,37,14,0,16,0,0,0,0,0,14,14,0,0,5,0,0,0,0,0,0,0,0,0,45,21,40,0,193,82,0,0,93,0,85,0,93,0,0,0,0,12,24
757216464,161,0,387,0,87,0,0,0,238,30,5,0,0,0,28,25,114,0,11,0,11,0,15,23,0,0,0,0,54,0,0,0,0,0,0,38,0,0,0,0,0,0,0,26,50,58,85,96,91,98,0,0,0,95,0,86,0,0,0,0,0,24
768515987,150,0,359,9,97,0,0,0,210,30,0,0,0,0,46,0,81,0,43,13,14,20,0,17,0,0,0,0,0,25,0,0,0,0,0,67,3,0,0,0,0,0,0,0,0,13,0,80,100,85,0,89,0,90,0,93,0,0,0,0,0,23
719161530,211,0,364,9,102,0,0,0,160,1,0,0,0,0,56,0,49,0,32,0,0,0,0,12,0,0,0,0,29,40,0,0,0,0,0,0,0,0,0,0,0,0,0,0,113,13,0,76,89,84,0,0,0,85,86,75,14,0,24,0,36,23
778240327,50,0,489,5,77,0,0,0,201,0,3,2,23,0,35,0,140,0,0,0,0,0,0,37,0,0,0,0,0,13,0,0,0,0,0,32,0,0,0,0,0,0,0,0,9,1,0,86,91,94,0,0,0,95,91,86,0,0,0,4,1,23
771160300,11,0,460,12,84,0,0,0,113,0,0,20,24,0,23,0,35,0,10,0,0,0,0,73,0,23,0,0,0,0,0,0,27,0,0,66,0,0,13,0,0,0,0,0,46,0,103,92,87,0,110,0,0,94,91,0,0,0,0,12,0,23
755434585,65,0,311,0,98,0,0,0,207,0,0,0,0,0,60,0,53,0,36,5,0,34,0,30,0,0,0,0,0,0,0,0,20,0,0,89,0,0,34,0,0,0,0,8,0,4,0,83,98,84,0,0,0,94,86,56,0,0,0,0,140,22
757970808,0,0,284,0,87,0,0,0,207,0,0,0,0,0,59,0,73,0,80,16,0,0,11,27,0,10,0,0,0,0,0,0,12,0,0,72,0,0,0,0,0,0,0,15,16,15,0,91,86,0,76,0,0,93,0,78,0,0,17,0,19,22
756029989,125,0,351,8,79,0,0,0,185,22,0,0,0,0,74,0,74,0,12,0,0,0,0,0,0,0,0,0,4,18,10,0,0,0,0,0,0,0,68,0,0,0,0,0,88,45,0,82,93,73,0,0,0,83,90,71,0,0,24,0,0,22
797828357,135,0,567,9,107,0,0,0,219,0,2,58,23,0,0,0,127,0,19,0,0,0,0,24,0,0,0,0,0,14,0,0,8,0,0,11,0,0,0,0,0,0,0,0,93,0,0,90,96,95,0,0,0,98,98,91,0,0,0,6,0,22
751348571,98,0,353,0,89,0,0,0,287,32,0,0,0,0,53,46,171,0,26,0,10,0,0,0,0,0,0,0,41,19,0,0,0,0,7,0,0,0,0,0,0,0,0,41,81,0,0,0,83,80,0,0,0,96,82,174,0,0,0,0,1,21
779839471,118,0,402,7,62,0,0,0,214,0,1,0,0,0,63,0,36,0,48,0,0,0,0,35,0,16,0,0,0,28,0,0,11,0,0,69,0,0,0,0,0,0,0,0,5,12,193,0,91,0,0,0,0,96,99,93,0,0,0,0,0,21
773418906,78,0,430,5,58,0,0,0,176,0,1,0,0,0,0,0,0,0,38,16,0,32,0,64,0,0,0,0,0,0,1,0,10,0,0,47,0,0,15,0,0,0,0,0,122,14,0,189,92,0,0,0,84,82,0,92,0,0,0,0,0,21
767871931,187,0,406,0,93,0,0,0,290,0,0,0,0,0,0,0,101,18,43,5,0,0,20,0,0,0,0,0,23,0,0,0,0,0,0,21,0,0,0,0,0,0,0,8,49,54,0,78,75,0,80,0,0,95,90,83,0,0,0,0,0,20
761418226,121,0,394,7,93,0,0,0,251,5,1,1,0,0,53,29,104,0,28,0,0,0,0,0,0,0,0,0,0,1,0,0,0,0,0,0,0,0,0,0,0,0,0,0,0,54,0,200,0,0,0,0,0,89,84,182,0,0,0,11,22,20
847657808,96,0,306,0,42,0,0,0,277,0,2,0,0,0,0,0,37,0,21,8,0,0,0,40,0,0,0,0,0,0,5,0,0,0,0,127,0,0,0,0,0,0,0,4,101,26,0,90,100,89,0,0,0,97,96,90,0,0,0,0,0,20
721123822,20,0,410,0,97,0,0,0,248,0,7,0,0,0,14,62,239,0,12,0,0,0,0,26,0,0,0,0,0,13,0,0,21,0,0,22,0,0,26,0,0,0,0,0,0,0,103,87,84,82,0,0,0,81,0,84,0,0,0,0,0,20
743475441,85,0,397,0,110,0,0,0,243,4,8,0,0,0,68,0,141,0,0,0,0,27,0,0,0,0,0,16,14,0,0,15,0,0,0,32,0,0,0,0,0,0,0,0,38,24,0,0,72,76,0,84,0,100,0,159,0,0,0,0,0,20
816200189,95,0,332,6,87,0,0,0,194,0,0,24,0,0,0,37,85,0,26,0,0,0,11,0,0,0,0,0,0,0,0,0,0,0,0,0,0,11,0,0,0,0,0,6,77,0,95,0,77,83,0,0,0,95,91,0,0,0,34,0,0,19
744228101,95,0,387,8,139,0,0,0,228,61,0,38,0,0,50,0,121,0,0,0,0,0,0,0,0,0,0,0,0,22,0,0,0,0,0,0,0,0,0,0,0,0,0,25,90,20,168,84,0,84,0,0,0,99,0,82,0,22,0,0,0,19
759883607,82,0,227,0,35,0,0,0,127,0,0,0,0,0,42,0,0,0,54,0,2,45,0,32,0,0,0,0,0,5,0,0,26,0,0,56,0,0,22,0,0,0,0,0,67,2,0,92,95,0,0,0,0,106,89,0,0,0,0,0,0,19
758798717,110,0,226,0,0,0,0,0,187,0,1,0,0,0,0,0,49,0,61,35,0,7,0,33,0,9,0,0,0,0,0,0,10,0,0,17,0,0,0,0,0,0,0,16,83,5,0,85,77,0,0,0,0,95,79,0,0,0,0,0,0,19
819701982,16,0,363,0,77,0,0,0,207,0,0,0,0,0,37,0,47,0,31,0,0,0,0,30,0,0,0,0,0,34,0,0,26,0,0,15,0,0,19,30,0,0,0,21,45,13,0,0,159,85,0,0,0,0,0,176,0,0,0,0,0,19
798911424,56,0,384,20,124,0,0,0,197,3,1,0,0,0,0,45,119,0,1,0,0,0,0,32,0,0,0,0,0,0,0,0,0,0,0,43,0,0,0,0,0,0,0,0,49,8,0,90,180,92,0,0,0,91,0,93,0,0,0,0,0,19
762602078,109,0,367,0,59,0,0,0,150,0,4,0,0,0,0,42,35,0,8,0,0,0,0,58,0,0,0,0,0,0,1,0,2,0,0,35,0,0,0,0,0,0,0,4,119,0,163,0,84,0,0,0,95,89,0,83,0,0,0,0,0,19
778998620,175,0,415,9,141,0,0,0,230,0,0,0,0,0,0,54,120,0,31,0,0,0,0,32,0,0,0,0,0,14,0,0,0,0,0,0,0,0,0,0,0,0,0,23,73,0,0,86,84,102,0,0,0,92,92,99,0,0,0,31,0,19
750749662,0,0,449,4,164,0,0,0,291,6,0,33,0,2,97,25,178,0,0,0,0,0,0,0,0,0,0,0,55,0,0,0,0,0,0,0,0,0,0,0,0,0,0,0,0,10,0,99,82,92,0,0,0,105,87,88,0,0,43,0,0,19
791319847,28,0,406,16,146,0,0,0,267,0,0,0,0,0,12,60,81,0,0,0,0,0,0,0,0,0,0,0,0,12,0,0,0,0,0,17,0,0,0,0,0,0,0,0,51,40,0,82,94,93,0,0,0,91,90,97,0,0,0,18,0,19
774875821,101,0,447,0,29,0,0,0,199,0,3,0,0,0,0,0,27,0,24,12,0,9,0,9,0,0,0,0,0,0,0,0,0,0,0,18,0,0,38,0,0,0,0,0,20,0,0,89,91,83,0,82,0,95,0,84,0,0,0,0,0,19
786091066,79,0,337,6,32,0,0,0,177,0,0,0,0,0,0,0,0,0,24,27,0,0,0,71,0,0,0,0,0,0,0,0,29,0,0,60,0,0,31,0,0,0,0,0,167,0,0,175,94,0,0,0,0,98,100,87,0,0,0,0,23,18
771990200,156,0,426,9,83,0,0,0,268,0,0,0,0,0,67,0,91,0,14,0,0,0,0,0,0,0,0,0,14,12,0,0,0,0,0,50,0,0,0,0,0,0,0,0,0,50,0,64,85,0,95,0,0,84,80,85,0,0,0,0,0,18
766640955,193,0,477,0,43,0,0,0,282,0,0,0,0,0,60,0,75,0,79,2,0,0,0,14,0,0,7,0,0,0,0,0,0,0,0,0,0,0,0,0,0,0,0,0,0,46,0,83,94,82,0,90,0,85,0,79,0,0,20,0,0,18
763673393,165,0,506,6,104,0,0,0,236,4,0,0,0,0,67,40,27,0,33,0,0,0,0,0,0,0,0,0,0,34,0,0,0,0,0,0,0,0,0,0,0,0,0,0,0,49,79,0,171,85,0,0,0,93,0,88,0,0,0,13,0,18
819186360,52,0,293,0,99,0,0,0,123,0,2,0,0,0,53,0,78,0,3,0,0,0,0,14,0,0,0,0,0,14,0,0,0,0,0,0,0,0,43,12,5,0,0,0,73,0,0,0,93,91,0,0,0,0,66,187,0,0,0,0,0,18
831882777,39,0,236,0,0,0,0,0,150,0,46,0,0,0,0,0,0,0,59,0,0,0,0,61,0,0,0,0,0,0,36,0,14,0,0,46,0,0,100,0,0,0,0,0,1,0,0,80,77,63,0,0,0,84,90,87,0,0,0,0,135,18
799864342,45,0,378,8,94,94,0,0,268,0,0,0,0,0,67,0,94,0,0,0,0,0,0,0,0,0,0,0,0,14,0,0,0,0,0,84,0,0,0,0,0,0,0,0,9,0,0,81,80,100,0,77,0,87,0,88,0,0,0,0,0,17
829720705,0,74,235,0,75,0,39,0,152,0,0,0,0,0,0,0,0,0,0,0,0,0,0,0,6,0,0,0,0,0,56,0,0,0,0,0,0,0,66,0,11,4,9,0,0,0,0,98,77,94,0,0,0,110,0,85,0,0,0,0,20,17
793224716,170,0,393,13,108,0,0,0,222,11,0,0,0,0,0,0,122,0,53,0,0,0,4,12,0,0,0,0,0,0,0,0,0,0,0,0,0,0,0,0,0,0,0,8,74,0,145,183,0,0,0,0,0,79,0,73,0,0,0,0,25,17
754829445,97,0,359,8,98,0,0,0,191,49,0,0,0,0,114,0,196,0,0,0,0,0,0,0,0,0,0,0,15,13,0,0,0,0,14,0,0,0,0,0,0,0,0,0,0,14,0,0,82,0,0,0,0,168,84,81,0,0,65,0,0,17
789848216,6,0,386,30,171,0,0,146,224,0,0,0,0,33,0,0,58,0,0,0,0,0,0,0,0,0,0,0,0,32,0,0,0,0,0,0,0,0,0,0,0,0,0,0,0,22,0,114,84,134,0,0,76,111,0,136,0,0,0,0,68,17
760345702,48,0,372,8,102,0,0,0,232,0,0,0,0,0,30,0,52,0,21,0,0,0,0,0,0,0,0,3,0,0,0,20,0,0,0,0,0,0,0,0,0,0,0,0,0,39,0,83,97,92,0,0,0,96,95,0,0,0,0,0,36,17
754312389,6,0,410,15,117,0,0,0,182,0,2,0,0,0,111,0,30,0,0,0,0,0,0,0,0,0,0,0,0,7,0,0,0,0,0,0,0,0,0,0,0,0,0,0,0,5,0,76,74,72,0,0,0,91,82,71,0,0,0,0,20,17
835479236,0,0,276,0,97,0,0,0,126,0,0,0,0,0,18,0,39,0,0,0,0,0,0,0,0,0,0,0,0,0,0,0,0,0,0,14,0,0,55,36,12,20,12,0,0,0,0,82,0,88,0,0,82,102,0,85,0,0,0,0,0,16
839068429,64,0,360,0,95,0,0,0,285,0,0,0,0,0,15,0,66,0,15,0,0,0,0,0,0,0,0,0,0,0,0,0,0,0,0,20,0,0,0,0,0,0,0,0,63,13,76,0,86,78,0,0,0,93,87,77,0,0,0,0,0,16
839557629,49,0,347,7,55,0,0,0,172,0,0,0,0,0,56,0,0,0,8,0,0,0,0,10,0,0,0,0,0,0,0,0,0,0,0,51,0,0,0,0,0,0,0,0,0,20,0,84,81,93,0,0,0,94,84,0,0,0,0,0,0,15
840012044,96,0,454,0,51,0,0,0,354,0,0,2,0,0,0,25,99,0,0,32,0,15,0,0,0,0,0,0,0,0,0,0,0,0,0,0,0,0,0,0,0,0,0,0,0,44,0,0,90,97,0,0,0,84,88,163,0,0,0,0,0,15
715093703,110,0,371,0,65,0,0,0,162,0,0,0,0,0,116,0,131,0,9,0,0,0,0,0,0,0,0,0,51,0,0,0,0,0,1,0,0,0,0,0,0,0,0,0,0,0,0,0,80,81,0,0,0,90,63,166,0,0,0,0,254,15
821695405,0,0,204,0,77,0,0,0,144,0,0,0,0,0,36,19,49,0,0,0,0,0,0,0,0,0,0,0,0,0,0,0,0,0,0,22,0,0,0,0,0,0,0,0,0,21,0,82,94,92,0,0,0,60,87,0,0,0,0,0,251,14
750332458,0,0,71,0,44,0,0,0,30,0,0,12,15,0,34,0,0,0,0,0,0,0,0,0,0,0,0,0,0,0,0,0,0,0,0,0,0,0,0,0,0,0,0,0,0,0,0,78,78,86,0,0,0,88,87,77,0,0,0,0,1121,13
746083955,0,0,55,6,53,0,0,0,0,0,0,0,0,0,54,0,0,0,0,0,0,0,0,0,0,0,0,0,0,0,0,0,0,0,0,0,0,0,0,0,0,0,0,0,0,11,0,83,0,77,0,0,0,69,146,82,0,0,34,0,906,12
742951821,0,0,0,0,0,0,0,0,0,0,0,0,0,0,0,0,0,0,0,0,0,0,0,0,0,0,0,0,0,0,0,0,0,0,0,0,0,0,0,0,0,0,0,0,0,0,78,47,0,76,0,0,0,98,97,69,0,0,0,0,1260,7
739448407,0,0,0,0,0,0,0,0,0,0,0,0,0,0,0,0,0,0,0,0,0,0,0,0,0,0,0,0,0,0,0,0,0,0,0,0,0,0,0,0,0,0,0,0,0,0,127,0,65,62,0,0,0,53,0,65,0,0,0,0,1265,6
762120172,0,0,0,0,0,0,0,0,0,0,0,0,0,0,0,0,0,0,0,0,0,0,0,0,0,0,0,0,0,0,0,0,0,0,0,0,0,0,0,0,0,0,0,0,0,0,77,95,78,93,0,0,0,98,0,0,0,0,0,0,1013,6
737581020,0,0,0,0,0,0,0,0,0,0,0,0,0,0,0,0,0,0,0,0,0,0,0,0,0,0,0,0,0,0,0,0,0,0,0,0,0,0,0,0,0,0,0,0,0,0,0,0,0,62,0,68,0,74,62,112,0,0,0,0,1283,6
760693773,0,0,0,0,0,0,0,0,0,0,0,0,0,0,0,0,0,0,0,0,0,0,0,0,0,0,0,0,0,0,0,0,0,0,0,0,0,0,0,0,0,0,0,0,0,0,0,153,78,0,0,0,0,88,87,87,0,0,0,0,1252,6
732592105,0,0,0,0,0,0,0,0,0,0,0,0,0,0,0,0,0,0,0,0,0,0,0,0,0,0,0,0,0,0,0,0,0,0,0,0,0,0,0,0,0,0,0,0,0,0,0,62,0,73,0,0,0,78,68,55,0,0,0,0,1181,6
